,ATE_hln,AUUC_hln,QINI_hln
0,1.1766769886016846,0.6424911722072917,0.16806021846937472
